,ids,labels,predictions
0,ERR2041685,R,R
1,ERR2041690.ERR2041691,R,R
2,ERR2041694.ERR2041695,R,R
3,ERR2041701.ERR2041702,R,R
4,ERR2041713.ERR2041714,R,U
5,ERR2041715.ERR2041716,R,R
6,ERR2041740.ERR2041741,R,R
7,ERR2041742,S,R
8,ERR2041744,R,R
9,ERR2041750,S,S
10,ERR2041760,R,R
11,ERR2041765,R,U
12,ERR2041768,R,R
13,ERR2041769,R,R
14,ERR2041781,R,R
15,ERR2041783,R,R
16,ERR2041785,R,U
17,ERR2041799.ERR2041800,R,R
18,ERR2041805,S,S
19,ERR2184210,S,S
20,ERR2184212,R,R
21,ERR2184213,S,U
22,ERR2184220,S,S
23,ERR2184224,R,R
24,ERR2184236,R,R
25,ERR2184241,R,R
26,ERR2184244,S,S
27,ERR2184253,R,R
28,ERR2184259,S,U
29,ERR2184270,R,R
30,ERR2184272,S,R
31,ERR2184282,R,U
32,ERR2184286,R,R
33,ERR2184288,S,S
34,ERR2184295,S,S
35,ERR2184305,S,S
36,ERR2184306,R,U
37,ERR2184320,S,S
38,ERR2184337,R,R
39,ERR2184339,S,S
40,ERR2184358,S,U
41,ERR2184364,S,S
42,ERR2184367,S,S
43,ERR2184376,S,S
44,ERR2184377,R,R
45,ERR2184392,S,U
46,ERR2184393,R,R
47,ERR2184397,R,R
48,ERR2184411,R,R
49,ERR2184422,S,S
50,ERR2184428,S,U
51,ERR2184437,R,R
52,ERR2184441,S,U
53,ERR2184442,S,S
54,ERR2184444,S,U
55,ERR2184447,S,U
56,ERR2184448,S,S
57,ERR2184453,S,S
58,ERR2184457,R,R
59,ERR2184465,S,S
60,ERR2184466,S,S
61,ERR2184472,R,R
62,ERR2184481,S,U
63,ERR2184487,S,S
64,ERR2184494,R,R
65,ERR2184500,R,R
66,ERR2184510,S,S
67,ERR2184528,R,R
68,ERR2184576,S,S
69,ERR2184577,S,U
70,ERR2184590,R,R
71,ERR2184592,R,R
72,ERR2184596,S,R
73,ERR2184601,R,R
74,ERR2184625,R,R
75,ERR2184626,S,S
76,ERR2184641,S,S
77,ERR2184656,S,S
78,ERR2184675,S,S
79,ERR2184677,R,U
80,ERR2184678,R,R
81,ERR2184684,S,R
82,ERR2200148,R,R
83,ERR2510244,R,R
84,ERR2510250,R,R
85,ERR2510254,S,S
86,ERR2510255,S,U
87,ERR2510260,S,S
88,ERR2510266,R,R
89,ERR2510278,R,R
90,ERR2510279,S,S
91,ERR2510283,R,R
92,ERR2510284,R,R
93,ERR2510289,S,U
94,ERR2510297,R,R
95,ERR2510303,R,R
96,ERR2510304,S,S
97,ERR2510317,S,S
98,ERR2510326,S,S
99,ERR2510338,R,R
100,ERR2510360,R,R
101,ERR2510361,R,U
102,ERR2510370,S,S
103,ERR2510378,R,R
104,ERR2510385,R,R
105,ERR2510399,R,R
106,ERR2510429,R,R
107,ERR2510430,R,R
108,ERR2510437,S,S
109,ERR2510447,R,R
110,ERR2510448,R,R
111,ERR2510455,S,S
112,ERR2510459,R,R
113,ERR2510477,S,U
114,ERR2510490,R,U
115,ERR2510493,R,U
116,ERR2510499,R,R
117,ERR2510508,S,S
118,ERR2510510,R,R
119,ERR2510512,S,U
120,ERR2510515,S,R
121,ERR2510530,S,S
122,ERR2510538,S,R
123,ERR2510553,R,R
124,ERR2510554,R,R
125,ERR2510557,R,R
126,ERR2510560,R,R
127,ERR2510561,S,S
128,ERR2510564,S,R
129,ERR2510576,S,S
130,ERR2510583,R,R
131,ERR2510601,R,R
132,ERR2510607,S,S
133,ERR2510610,R,U
134,ERR2510625,S,S
135,ERR2510632,S,S
136,ERR2510636,R,U
137,ERR2510649,R,R
138,ERR2510654,R,R
139,ERR2510656,R,S
140,ERR2510657,R,R
141,ERR2510663,S,S
142,ERR2510664,R,U
143,ERR2510666,R,R
144,ERR2510667,R,R
145,ERR2510673,R,R
146,ERR2510678,R,R
147,ERR2510682,R,R
148,ERR2510683,R,R
149,ERR2510685,R,R
150,ERR2510686,R,R
151,ERR2510689,R,R
152,ERR2510690,R,R
153,ERR2510691,R,R
154,ERR2510693,S,S
155,ERR2510694,S,S
156,ERR2510695,S,S
157,ERR2510700,R,R
158,ERR2510702,R,R
159,ERR2510704,R,R
160,ERR2510706,R,R
161,ERR2510710,R,U
162,ERR2510713,R,R
163,ERR2510718,R,R
164,ERR2510719,S,S
165,ERR2510722,R,R
166,ERR2510725,R,U
167,ERR2510728,S,S
168,ERR2510733,R,R
169,ERR2510734,S,S
170,ERR2510832,R,R
171,ERR2510833,R,U
172,ERR2510840,R,U
173,ERR2510844,R,U
174,ERR2510847,R,R
175,ERR2510856,R,R
176,ERR2510868,S,R
177,ERR2510869,R,R
178,ERR2510872,S,S
179,ERR2510875,S,S
180,ERR2510878,S,U
181,ERR2510882,S,R
182,ERR3287312,R,R
183,ERR3287315,S,U
184,ERR3287331,R,U
185,ERR3287332,S,S
186,ERR3287335,S,S
187,ERR3287337,S,R
188,ERR3287347,R,R
189,ERR3287354,S,S
190,ERR3287358,S,U
191,ERR3287360,S,S
192,ERR3287372,R,R
193,ERR3287375,R,R
194,ERR3287381,S,S
195,ERR3287383,R,R
196,ERR3287390,S,R
197,ERR3287394,S,S
198,ERR3287400,S,U
199,ERR3287412,R,R
200,ERR3287419,R,R
201,ERR3287425,R,R
202,ERR3287428,R,R
203,ERR3287429,R,R
204,ERR3287432,S,S
205,ERR3287435,S,S
206,ERR3287437,R,R
207,ERR3287438,R,R
208,ERR3287447,R,R
209,ERR3287448,R,R
210,ERR3287449,S,S
211,ERR3287450,R,R
212,ERR3287453,R,R
213,ERR3287456,R,R
214,ERR3287463,R,R
215,ERR3287466,R,R
216,ERR3287467,R,R
217,ERR3287477,S,R
218,ERR3287479,R,R
219,ERR3287482,S,R
220,ERR3287488,R,R
221,ERR3287489,R,R
222,ERR3287493,S,R
223,ERR3287501,R,U
224,ERR3287502,S,U
225,ERR3287503,R,R
226,ERR3287506,S,S
227,ERR3287507,S,S
228,ERR3287508,S,S
229,ERR3287509,S,S
230,ERR3287510,S,S
231,ERR3287512,R,R
232,ERR3287513,R,R
233,ERR3287514,S,S
234,ERR3287518,S,S
235,ERR3287520,S,S
236,ERR3287522,R,U
237,ERR3287523,S,S
238,ERR3287525,S,S
239,ERR3287526,S,S
240,ERR3287535,S,S
241,ERR3287541,R,R
242,ERR3287546,R,R
243,ERR3287547,R,R
244,ERR3287551,R,R
245,ERR3287552,R,R
246,ERR3287553,R,R
247,ERR3287580,S,U
248,ERR3287581,R,R
249,ERR3287584,R,R
250,ERR3287585,R,R
251,ERR3287586,R,U
252,ERR3287589,R,R
253,ERR3287590,S,S
254,ERR3287594,R,R
255,ERR3287599,R,R
256,ERR3287600,R,R
257,ERR3287614,S,S
258,ERR3287615,S,S
259,ERR3287625,S,S
260,ERR3287626,R,R
261,ERR3287627,S,S
262,ERR3287656,R,U
263,ERR3287660,S,U
264,ERR3287661,S,S
265,ERR3287664,R,R
266,ERR3287669,R,U
267,ERR3287672,S,R
268,ERR3287674,R,U
269,ERR3287678,S,S
270,ERR3287687,S,S
271,ERR3287688,S,S
272,ERR3287693,S,S
273,ERR3287695,R,U
274,ERR3287699,S,S
275,ERR3287702,S,U
276,ERR3287708,R,R
277,ERR3287709,S,R
278,ERR3287710,S,S
279,ERR3287711,R,R
280,ERR3287721,S,S
281,ERR3287727,R,R
282,ERR3287729,S,R
283,ERR3287731,S,R
284,ERR3287733,S,U
285,ERR3287736,S,S
286,ERR3287737,R,R
287,ERR3287757,R,U
288,ERR3287759,R,R
289,ERR3287764,S,S
290,ERR3287767,S,S
291,ERR3287769,S,U
292,ERR3287771,S,S
293,ERR3287775,S,S
294,ERR3287779,S,S
295,ERR3287789,R,R
296,ERR3287802,S,S
297,ERR3287803,S,S
298,ERR3287804,R,R
299,ERR3287812,R,R
300,ERR3287813,R,U
301,ERR3287816,S,S
302,ERR3287817,S,S
303,ERR3287820,R,R
304,ERR3287821,R,R
305,ERR3287824,S,S
306,ERR3287826,R,U
307,ERR3287827,R,R
308,ERR3287828,S,S
309,ERR3287833,S,S
310,ERR3287834,S,S
311,ERR3287836,S,S
312,ERR3287841,R,R
313,ERR3287842,R,R
314,ERR3287843,S,R
315,ERR3287845,R,R
316,ERR3287850,R,R
317,ERR3287852,R,R
318,ERR3287853,S,S
319,ERR3287862,R,R
320,ERR3287863,S,S
321,ERR3287865,S,S
322,ERR3287866,S,R
323,ERR3287867,R,U
324,ERR3287868,R,R
325,ERR3287871,R,R
326,ERR3287874,R,R
327,ERR3287877,R,U
328,ERR3287878,R,R
329,ERR3287879,R,R
330,ERR3287881,S,S
331,ERR3287883,R,U
332,ERR4796257,R,U
333,ERR4796261,S,R
334,ERR4796264,R,R
335,ERR4796267,S,U
336,ERR4796268,S,U
337,ERR4796270,S,R
338,ERR4796272,R,R
339,ERR4796275,S,R
340,ERR4796276,R,R
341,ERR4796277,S,U
342,ERR4796291,S,U
343,ERR4796293,S,U
344,ERR4796297,S,S
345,ERR4796303,S,S
346,ERR4796304,S,S
347,ERR4796311,R,R
348,ERR4796319,S,U
349,ERR4796324,R,R
350,ERR4796327,R,R
351,ERR4796333,S,R
352,ERR4796334,S,U
353,ERR4796335,S,S
354,ERR4796339,S,U
355,ERR4796343,R,U
356,ERR4796348,R,R
357,ERR4796349,S,U
358,ERR4796353,S,S
359,ERR4796355,S,S
360,ERR4796357,R,R
361,ERR4796360,R,R
362,ERR4796361,R,R
363,ERR4796372,S,U
364,ERR4796386,S,U
365,ERR4796387,R,R
366,ERR4796389,S,S
367,ERR4796391,S,S
368,ERR4796399,R,R
369,ERR4796408,R,R
370,ERR4796411,S,U
371,ERR4796412,S,S
372,ERR4796416,R,R
373,ERR4796419,S,U
374,ERR4796423,R,R
375,ERR4796424,R,U
376,ERR4796427,R,R
377,ERR4796436,R,R
378,ERR4796437,S,S
379,ERR4796444,R,R
380,ERR4796450,R,U
381,ERR4796454,R,R
382,ERR4796455,R,U
383,ERR4796458,S,S
384,ERR4796460,R,R
385,ERR4796464,S,U
386,ERR4796466,S,U
387,ERR4796468,S,R
388,ERR4796471,R,R
389,ERR4796478,S,R
390,ERR4796482,S,S
391,ERR4796484,R,R
392,ERR4796487,S,R
393,ERR4796494,S,U
394,ERR4796496,R,R
395,ERR4796501,S,U
396,ERR4796505,S,U
397,ERR4796509,R,R
398,ERR4796511,R,R
399,ERR4796515,S,U
400,ERR4796517,S,S
401,ERR4796519,R,R
402,ERR4796523,S,R
403,ERR4796527,S,U
404,ERR4796528,R,U
405,ERR4796529,R,R
406,ERR4796532,S,U
407,ERR4796542,R,R
408,ERR4796544,S,S
409,ERR4796547,S,U
410,ERR4796550,S,U
411,ERR4796552,S,U
412,ERR4796557,S,U
413,ERR4796559,R,R
414,ERR4796560,R,R
415,ERR4796564,S,S
416,ERR4796568,S,U
417,ERR4796572,S,S
418,ERR4796575,R,R
419,ERR4796583,S,R
420,ERR4796590,R,R
421,ERR4796596,R,R
422,ERR4796609,R,R
423,ERR4796614,R,U
424,ERR4796615,S,U
425,ERR4796616,S,U
426,ERR4796618,S,U
427,ERR4796624,R,R
428,ERR4796631,S,S
429,ERR4796645,R,R
430,ERR4796647,R,R
431,ERR4796653,S,U
432,ERR4796654,R,R
433,ERR4796655,R,R
434,ERR4796657,R,R
435,ERR4796658,S,U
436,ERR4796660,R,R
437,ERR4796661,R,R
438,ERR4796665,R,R
439,ERR4796679,R,R
440,ERR4796681,R,R
441,ERR4796682,R,R
442,ERR4796689,R,R
443,ERR4796695,R,R
444,ERR4796697,R,R
445,ERR4796701,R,R
446,ERR4796703,R,R
447,ERR4796707,R,R
448,ERR4796709,S,U
449,ERR4796718,S,U
450,ERR4796719,S,U
451,ERR4796725,R,R
452,ERR4796726,S,U
453,ERR4796733,R,U
454,ERR4796737,R,R
455,ERR4796738,R,R
456,ERR4796742,R,R
457,ERR4796744,R,R
458,ERR4796745,S,R
459,ERR4796757,R,U
460,ERR4796760,S,R
461,ERR4796762,S,U
462,ERR4796765,S,R
463,ERR4796767,S,R
464,ERR4796773,R,R
465,ERR4796775,S,S
466,ERR4796778,S,U
467,ERR4796781,R,R
468,ERR4796785,R,R
469,ERR4796789,R,R
470,ERR4796791,S,U
471,ERR4796792,S,S
472,ERR4796804,R,R
473,ERR4796805,R,U
474,ERR4796818,S,U
475,ERR4796820,S,S
476,ERR4796825,S,S
477,ERR4796851,R,R
478,ERR4796858,S,U
479,ERR4796861,S,U
480,ERR4796863,S,U
481,ERR4796864,R,R
482,ERR4796868,S,S
483,ERR4796872,S,R
484,ERR4796885,S,U
485,ERR4796890,S,S
486,ERR4796891,R,R
487,ERR4796892,R,R
488,ERR4796896,R,U
489,ERR4796897,R,R
490,ERR4796908,S,S
491,ERR4796911,S,U
492,ERR4796914,R,R
493,ERR4796916,S,U
494,ERR4796921,R,R
495,ERR4796923,S,S
496,ERR4796924,R,R
497,ERR4796925,S,R
498,ERR4796928,R,R
499,ERR4796931,S,U
500,ERR4796932,S,U
501,ERR4796935,S,U
502,ERR4796939,R,R
503,ERR4796945,R,R
504,ERR4796948,S,S
505,ERR4796949,R,R
506,ERR4796953,S,U
507,ERR4796955,S,S
508,ERR4796956,S,R
509,ERR4796959,R,R
510,ERR4796963,S,R
511,ERR4796964,S,U
512,ERR4796969,R,U
513,ERR4796971,S,U
514,ERR4796977,S,R
515,ERR4796979,R,R
516,ERR4796982,S,U
517,ERR4796983,R,R
518,ERR4796985,S,U
519,ERR4796986,R,U
520,ERR4796990,S,S
521,ERR4796998,R,R
522,ERR4797000,R,R
523,ERR4797003,S,U
524,ERR4797007,R,R
525,ERR4797016,S,R
526,ERR4797017,S,U
527,ERR4797021,S,S
528,ERR4797024,S,U
529,ERR4797028,S,S
530,ERR4797033,S,S
531,ERR4797034,R,R
532,ERR4797046,S,U
533,ERR4797047,R,R
534,ERR4797048,S,U
535,ERR4797052,S,U
536,ERR4797056,S,R
537,ERR4797059,S,S
538,ERR4797063,S,S
539,ERR4797068,R,R
540,ERR4797069,R,R
541,ERR4797072,R,R
542,ERR4797081,R,R
543,ERR4797084,S,S
544,ERR4797091,S,S
545,ERR4797099,R,R
546,ERR4797107,S,S
547,ERR4797112,S,U
548,ERR4797119,R,R
549,ERR4797129,S,U
550,ERR4797133,R,R
551,ERR4797142,S,U
552,ERR4797145,S,R
553,ERR4797148,S,R
554,ERR4797151,S,S
555,ERR4797152,R,R
556,ERR4797157,R,R
557,ERR4797165,S,S
558,ERR4797167,R,U
559,ERR4797172,R,R
560,ERR4797173,R,R
561,ERR4797179,S,U
562,ERR4797180,R,R
563,ERR4797185,S,S
564,ERR4797187,S,R
565,ERR4797191,S,U
566,ERR4797194,R,R
567,ERR4797202,S,U
568,ERR4797209,S,S
569,ERR4797214,R,R
570,ERR4797217,S,S
571,ERR4797218,R,R
572,ERR4797223,S,U
573,ERR4797227,S,U
574,ERR4797230,S,U
575,ERR4797231,S,U
576,ERR4797234,R,U
577,ERR4797237,S,U
578,ERR4797246,R,U
579,ERR4797255,S,U
580,ERR4797269,R,U
581,ERR4797272,S,S
582,ERR4797286,S,U
583,ERR4797291,S,U
584,ERR4797294,S,U
585,ERR4797295,R,R
586,ERR4797296,R,R
587,ERR4797297,S,U
588,ERR4797298,S,U
589,ERR4797299,S,S
590,ERR4797300,S,U
591,ERR4797303,R,R
592,ERR4797304,R,R
593,ERR4797306,S,U
594,ERR4797310,S,U
595,ERR4797314,R,R
596,ERR4797316,R,U
597,ERR4797317,R,R
598,ERR4797318,S,U
599,ERR4797322,S,R
600,ERR4797325,R,R
601,ERR4797337,S,U
602,ERR4797344,S,U
603,ERR4797345,S,U
604,ERR4797349,R,R
605,ERR4797351,S,R
606,ERR4797355,S,R
607,ERR4797359,S,S
608,ERR4797360,S,U
609,ERR4797366,S,U
610,ERR4797369,S,U
611,ERR4797373,S,U
612,ERR4797377,S,R
613,ERR4797378,S,R
614,ERR4797379,S,U
615,ERR4797380,S,U
616,ERR4797382,R,U
617,ERR4797387,R,R
618,ERR4797392,S,U
619,ERR4797400,S,U
620,ERR4797402,R,U
621,ERR4797405,S,S
622,ERR4797408,R,U
623,ERR4797412,S,S
624,ERR4797414,R,R
625,ERR4797415,S,R
626,ERR4797424,S,U
627,ERR4797434,S,U
628,ERR4797435,S,S
629,ERR4797439,R,U
630,ERR4797441,S,S
631,ERR4797457,S,S
632,ERR4797462,S,U
633,ERR4797469,R,R
634,ERR4797480,S,U
635,ERR4797483,R,R
636,ERR4797485,R,R
637,ERR4797487,S,U
638,ERR4797492,R,R
639,ERR4797493,S,S
640,ERR4797497,S,R
641,ERR4797498,S,R
642,ERR4797499,R,R
643,ERR4797501,R,R
644,ERR4797503,R,U
645,ERR4797506,R,U
646,ERR4797507,S,R
647,ERR4797512,R,R
648,ERR4797514,S,S
649,ERR4797518,S,S
650,ERR4797521,S,R
651,ERR4797522,R,U
652,ERR4797529,R,U
653,ERR4797534,S,U
654,ERR4797535,S,S
655,ERR4797537,S,U
656,ERR4797544,R,R
657,ERR4797547,R,R
658,ERR4797550,R,R
659,ERR4797551,R,R
660,ERR4797552,S,S
661,ERR4797557,S,S
662,ERR4797558,R,R
663,ERR4797559,S,U
664,ERR4797560,S,U
665,ERR4797561,R,R
666,ERR4797562,S,S
667,ERR4797565,R,R
668,ERR4797573,S,R
669,ERR4797582,R,R
670,ERR4797585,S,U
671,ERR4797586,R,R
672,ERR4797587,S,S
673,ERR4797592,S,U
674,ERR4797599,S,U
675,ERR4797602,S,U
676,ERR4797604,R,R
677,ERR4797607,S,S
678,ERR4797611,R,U
679,ERR4797617,S,R
680,ERR4797620,R,R
681,ERR4797621,R,R
682,ERR4797631,R,R
683,ERR4797640,R,R
684,ERR4797645,R,R
685,ERR4797646,S,S
686,ERR4797648,R,R
687,ERR4797649,S,U
688,ERR4797652,R,R
689,ERR4797653,S,U
690,ERR4797662,S,U
691,ERR4797666,S,S
692,ERR4797668,S,R
693,ERR4797669,R,R
694,ERR4797673,R,U
695,ERR4797676,R,R
696,ERR4797679,R,R
697,ERR4797680,R,R
698,ERR4797682,R,R
699,ERR4797683,S,U
700,ERR4797685,S,U
701,ERR4797687,S,S
702,ERR4797688,S,U
703,ERR4797692,R,R
704,ERR4797696,R,R
705,ERR4797714,R,R
706,ERR4797732,S,U
707,ERR4797736,S,U
708,ERR4797740,R,R
709,ERR4797744,S,U
710,ERR4797748,R,U
711,ERR4797749,S,U
712,ERR4797759,R,R
713,ERR4797763,R,U
714,ERR4797766,S,U
715,ERR4797772,R,U
716,ERR4797820,R,R
717,ERR4797827,S,U
718,ERR4797829,R,U
719,ERR4797831,S,U
720,ERR4797844,R,U
721,ERR4797854,S,S
722,ERR4797876,S,R
723,ERR4797883,R,R
724,ERR4797885,S,R
725,ERR4797979,S,U
726,ERR4797997,R,R
727,ERR4797998,R,R
728,ERR4798003,S,R
729,ERR4798026,S,U
730,ERR4798027,S,U
731,ERR4798030,R,R
732,ERR4798048,R,R
733,ERR4798058,S,R
734,ERR4798068,S,U
735,ERR4798091,R,U
736,ERR4798308,R,U
737,ERR4798310,S,U
738,ERR4798311,R,U
739,ERR4798314,R,R
740,ERR4798322,S,U
741,ERR4798329,S,U
742,ERR4798344,S,U
743,ERR4798355,S,S
744,ERR4798358,R,U
745,ERR4798369,S,U
746,ERR4808856,R,R
747,ERR4808866,R,R
748,ERR4808875,S,R
749,ERR4808876,R,R
750,ERR4808877,R,R
751,ERR4808881,R,R
752,ERR4808883,R,R
753,ERR4808885,R,R
754,ERR4808886,R,R
755,ERR4808887,R,R
756,ERR4808889,R,R
757,ERR4808890,S,R
758,ERR4808891,R,R
759,ERR4808892,R,R
760,ERR4808893,S,R
761,ERR4808894,S,R
762,ERR4808897,R,R
763,ERR4808898,S,R
764,ERR4808901,R,R
765,ERR4808903,R,R
766,ERR4808906,S,S
767,ERR4808914,R,R
768,ERR4808917,R,R
769,ERR4808918,R,R
770,ERR4808920,R,R
771,ERR4808921,R,R
772,ERR4808962,R,R
773,ERR4808969,S,S
774,ERR4808971,R,R
775,ERR4808974,S,U
776,ERR4808975,R,R
777,ERR4808981,R,R
778,ERR4808983,R,R
779,ERR4808984,R,R
780,ERR4808990,R,R
781,ERR4808992,R,R
782,ERR4808997,R,R
783,ERR4809002,R,R
784,ERR4809005,R,R
785,ERR4809008,R,R
786,ERR4809013,R,R
787,ERR4809016,R,R
788,ERR4809027,R,R
789,ERR4809034,S,U
790,ERR4809038,R,R
791,ERR4809065,R,R
792,ERR4809070,S,U
793,ERR4809071,S,U
794,ERR4809073,R,R
795,ERR4809074,R,R
796,ERR4809080,S,U
797,ERR4809084,R,R
798,ERR4809108,S,R
799,ERR4809116,S,U
800,ERR4809119,R,R
801,ERR4809123,S,S
802,ERR4809124,R,R
803,ERR4809143,S,U
804,ERR4809156,S,S
805,ERR4809159,S,R
806,ERR4809172,R,R
807,ERR4809173,R,R
808,ERR4809185,R,R
809,ERR4809186,R,R
810,ERR4809187,R,R
811,ERR4809188,R,R
812,ERR4809189,R,R
813,ERR4809192,R,R
814,ERR4809201,R,R
815,ERR4809202,R,R
816,ERR4809203,R,R
817,ERR4809209,R,R
818,ERR4809214,R,R
819,ERR4809225,R,R
820,ERR4809231,R,R
821,ERR4809238,R,R
822,ERR4809248,R,R
823,ERR4809252,R,R
824,ERR4809255,S,R
825,ERR4809259,R,R
826,ERR4809262,R,R
827,ERR4809270,R,R
828,ERR4809271,R,U
829,ERR4809272,S,R
830,ERR4809273,R,U
831,ERR4809274,R,R
832,ERR4809284,R,R
833,ERR4809288,S,U
834,ERR4809290,R,R
835,ERR4809298,R,R
836,ERR4809303,R,R
837,ERR4809304,R,U
838,ERR4809311,S,S
839,ERR4809318,R,R
840,ERR4809320,R,R
841,ERR4809327,S,R
842,ERR4809330,R,R
843,ERR4809346,S,S
844,ERR4809347,R,R
845,ERR4809348,R,R
846,ERR4809349,S,R
847,ERR4809350,R,R
848,ERR4809357,R,R
849,ERR4809359,S,R
850,ERR4810463,S,U
851,ERR4810465,R,R
852,ERR4810466,S,S
853,ERR4810468,R,R
854,ERR4810475,R,R
855,ERR4810478,R,R
856,ERR4810485,S,U
857,ERR4810538,S,U
858,ERR4810548,S,U
859,ERR4810554,S,U
860,ERR4810571,S,U
861,ERR4810590,S,S
862,ERR4810602,S,U
863,ERR4810609,S,S
864,ERR4810623,R,R
865,ERR4810633,R,R
866,ERR4810640,S,U
867,ERR4810641,R,U
868,ERR4810649,S,S
869,ERR4810650,S,S
870,ERR4810658,R,U
871,ERR4810659,S,U
872,ERR4810669,R,R
873,ERR4810679,S,U
874,ERR4810689,S,U
875,ERR4810710,S,U
876,ERR4810719,S,U
877,ERR4810735,S,U
878,ERR4810746,S,U
879,ERR4810771,S,U
880,ERR4810789,S,S
881,ERR4810793,S,R
882,ERR4810794,R,R
883,ERR4810795,S,R
884,ERR4810805,S,S
885,ERR4810816,S,U
886,ERR4810825,S,U
887,ERR4810831,S,S
888,ERR4810834,S,U
889,ERR4810840,S,R
890,ERR4810843,S,U
891,ERR4810850,S,U
892,ERR4810857,S,U
893,ERR4810858,S,U
894,ERR4810865,S,U
895,ERR4810867,S,U
896,ERR4810874,S,U
897,ERR4810879,S,S
898,ERR4810886,S,U
899,ERR4810891,S,U
900,ERR4810905,S,U
901,ERR4810911,S,U
902,ERR4810919,S,S
903,ERR4810921,S,U
904,ERR4810925,S,S
905,ERR4810928,R,R
906,ERR4810929,R,R
907,ERR4810933,S,R
908,ERR4810934,S,R
909,ERR4810942,R,R
910,ERR4810948,R,R
911,ERR4810949,R,R
912,ERR4810951,R,R
913,ERR4810956,S,R
914,ERR4810957,S,S
915,ERR4810959,S,U
916,ERR4810960,S,S
917,ERR4810961,S,U
918,ERR4810971,R,U
919,ERR4810973,S,S
920,ERR4810975,S,U
921,ERR4810982,R,R
922,ERR4810988,S,S
923,ERR4810991,S,U
924,ERR4810992,R,R
925,ERR4810993,R,R
926,ERR4810995,S,R
927,ERR4810998,R,R
928,ERR4811000,S,U
929,ERR4811003,R,R
930,ERR4811015,S,U
931,ERR4811027,S,U
932,ERR4811028,S,U
933,ERR4811033,S,U
934,ERR4811050,S,U
935,ERR4811057,R,R
936,ERR4811071,S,U
937,ERR4811094,S,S
938,ERR4811098,S,U
939,ERR4811104,S,U
940,ERR4811114,S,U
941,ERR4811118,S,U
942,ERR4811128,R,R
943,ERR4811132,S,S
944,ERR4811137,S,S
945,ERR4811138,S,U
946,ERR4811149,S,U
947,ERR4811153,S,S
948,ERR4811155,S,S
949,ERR4811157,S,U
950,ERR4811158,R,U
951,ERR4811160,R,R
952,ERR4811162,R,U
953,ERR4811164,S,S
954,ERR4811182,S,U
955,ERR4811184,R,R
956,ERR4811188,S,U
957,ERR4811203,S,U
958,ERR4811211,S,U
959,ERR4811217,S,S
960,ERR4811230,S,U
961,ERR4811231,S,U
962,ERR4811232,S,U
963,ERR4811248,S,U
964,ERR4811249,S,U
965,ERR4811250,S,U
966,ERR4811254,S,U
967,ERR4811272,S,U
968,ERR4811274,S,U
969,ERR4811280,R,R
970,ERR4811283,R,R
971,ERR4811287,S,U
972,ERR4811288,S,U
973,ERR4811292,S,R
974,ERR4811293,S,U
975,ERR4811294,R,R
976,ERR4811295,R,R
977,ERR4811298,S,R
978,ERR4811302,R,R
979,ERR4811305,S,S
980,ERR4811308,R,U
981,ERR4811310,R,R
982,ERR4811321,R,U
983,ERR4811323,R,U
984,ERR4811326,R,R
985,ERR4811331,S,U
986,ERR4811338,R,R
987,ERR4811346,S,U
988,ERR4811349,S,U
989,ERR4811360,S,U
990,ERR4811372,S,R
991,ERR4811375,S,S
992,ERR4811384,S,U
993,ERR4811404,S,S
994,ERR4811448,S,S
995,ERR4811452,S,S
996,ERR4811482,S,U
997,ERR4811505,R,R
998,ERR4811510,S,U
999,ERR4811532,R,R
1000,ERR4811542,S,S
1001,ERR4811547,R,R
1002,ERR4811557,S,U
1003,ERR4811577,S,U
1004,ERR4811593,S,U
1005,ERR4811601,S,U
1006,ERR4811610,S,U
1007,ERR4811611,S,U
1008,ERR4811615,S,U
1009,ERR4811636,S,S
1010,ERR4811639,S,U
1011,ERR4811641,S,U
1012,ERR4811646,S,U
1013,ERR4811648,S,U
1014,ERR4811649,S,U
1015,ERR4811661,S,U
1016,ERR4811670,S,U
1017,ERR4811683,S,S
1018,ERR4811687,S,R
1019,ERR4811690,S,U
1020,ERR4811691,S,U
1021,ERR4811695,R,R
1022,ERR4811698,S,R
1023,ERR4811703,R,R
1024,ERR4811709,S,S
1025,ERR4811720,S,S
1026,ERR4811721,S,U
1027,ERR4811740,R,R
1028,ERR4811743,R,R
1029,ERR4811774,R,R
1030,ERR4811777,S,S
1031,ERR4811783,S,U
1032,ERR4811788,S,R
1033,ERR4811799,S,S
1034,ERR4811815,S,U
1035,ERR4811822,S,R
1036,ERR4811839,S,S
1037,ERR4811849,S,S
1038,ERR4811853,R,R
1039,ERR4811854,R,R
1040,ERR4811857,S,U
1041,ERR4811873,S,S
1042,ERR4811881,R,R
1043,ERR4811897,S,U
1044,ERR4811906,R,R
1045,ERR4811917,S,U
1046,ERR4811922,R,R
1047,ERR4811926,S,R
1048,ERR4811940,S,S
1049,ERR4811944,R,R
1050,ERR4811966,S,S
1051,ERR4811978,R,R
1052,ERR4811987,R,R
1053,ERR4812007,S,S
1054,ERR4812019,S,R
1055,ERR4812023,S,S
1056,ERR4812034,R,R
1057,ERR4812036,R,R
1058,ERR4812062,S,U
1059,ERR4812065,S,U
1060,ERR4812092,S,U
1061,ERR4812095,R,R
1062,ERR4812101,R,R
1063,ERR4812102,R,R
1064,ERR4812115,R,R
1065,ERR4812150,R,R
1066,ERR4812151,S,S
1067,ERR4812165,R,R
1068,ERR4812179,R,R
1069,ERR4812186,R,R
1070,ERR4812220,R,R
1071,ERR4812221,S,U
1072,ERR4812238,S,S
1073,ERR4812243,S,S
1074,ERR4812251,S,S
1075,ERR4812275,S,S
1076,ERR4812280,S,U
1077,ERR4812296,R,R
1078,ERR4812313,R,R
1079,ERR4812319,R,R
1080,ERR4812340,S,U
1081,ERR4812360,R,R
1082,ERR4812362,S,S
1083,ERR4812368,R,R
1084,ERR4812381,S,U
1085,ERR4812408,S,U
1086,ERR4812434,S,S
1087,ERR4812441,R,R
1088,ERR4812446,R,R
1089,ERR4812451,S,U
1090,ERR4812476,R,R
1091,ERR4812489,S,U
1092,ERR4812496,S,S
1093,ERR4812513,S,S
1094,ERR4812514,R,R
1095,ERR4812567,S,R
1096,ERR4812588,S,U
1097,ERR4812619,S,U
1098,ERR4812621,R,R
1099,ERR4812641,S,U
1100,ERR4812646,S,U
1101,ERR4812653,S,U
1102,ERR4812656,R,R
1103,ERR4812661,S,S
1104,ERR4812674,S,U
1105,ERR4812695,S,R
1106,ERR4812721,R,R
1107,ERR4812728,S,U
1108,ERR4812730,R,R
1109,ERR4812740,R,U
1110,ERR4812743,R,U
1111,ERR4812754,S,S
1112,ERR4812773,R,R
1113,ERR4812780,R,R
1114,ERR4812813,R,R
1115,ERR4812814,S,R
1116,ERR4812815,S,S
1117,ERR4812816,S,R
1118,ERR4812820,S,S
1119,ERR4812835,S,S
1120,ERR4812842,R,R
1121,ERR4812843,S,U
1122,ERR4812845,R,R
1123,ERR4812854,R,R
1124,ERR4812855,R,R
1125,ERR4812869,R,R
1126,ERR4812871,S,S
1127,ERR4812875,S,S
1128,ERR4812878,S,R
1129,ERR4812881,R,R
1130,ERR4812889,S,R
1131,ERR4812892,R,R
1132,ERR4812894,S,R
1133,ERR4812898,R,R
1134,ERR4812900,R,R
1135,ERR4812913,R,R
1136,ERR4812924,R,R
1137,ERR4812926,R,R
1138,ERR4812928,R,R
1139,ERR4812932,R,R
1140,ERR4812943,R,R
1141,ERR4812947,S,S
1142,ERR4812952,S,R
1143,ERR4812958,S,S
1144,ERR4812961,R,R
1145,ERR4812965,S,U
1146,ERR4812974,S,R
1147,ERR4812976,S,U
1148,ERR4812978,S,R
1149,ERR4812980,S,S
1150,ERR4812982,S,R
1151,ERR4812984,S,S
1152,ERR4812985,S,R
1153,ERR4812987,S,R
1154,ERR4812998,S,R
1155,ERR4813000,R,R
1156,ERR4813003,R,R
1157,ERR4813010,R,R
1158,ERR4813011,S,S
1159,ERR4813017,R,R
1160,ERR4813018,S,U
1161,ERR4813021,S,R
1162,ERR4813022,R,R
1163,ERR4813028,R,R
1164,ERR4813038,R,R
1165,ERR4813051,S,U
1166,ERR4813054,R,R
1167,ERR4813071,R,R
1168,ERR4813074,R,R
1169,ERR4813075,S,R
1170,ERR4813076,R,U
1171,ERR4813077,R,R
1172,ERR4813084,S,U
1173,ERR4813100,S,S
1174,ERR4813102,S,S
1175,ERR4813104,R,R
1176,ERR4813108,S,U
1177,ERR4813156,S,S
1178,ERR4813160,S,S
1179,ERR4813162,S,R
1180,ERR4813163,S,S
1181,ERR4813170,S,R
1182,ERR4813172,R,U
1183,ERR4813173,S,R
1184,ERR4813175,S,R
1185,ERR4813179,R,R
1186,ERR4813182,S,U
1187,ERR4813185,S,S
1188,ERR4813197,S,S
1189,ERR4813201,S,S
1190,ERR4813205,R,R
1191,ERR4813206,R,R
1192,ERR4813211,S,R
1193,ERR4813213,R,U
1194,ERR4813214,S,R
1195,ERR4813216,R,R
1196,ERR4813232,S,U
1197,ERR4813236,S,U
1198,ERR4813252,R,R
1199,ERR4813284,R,R
1200,ERR4813288,S,R
1201,ERR4813291,R,R
1202,ERR4813295,R,R
1203,ERR4813306,S,S
1204,ERR4813308,S,R
1205,ERR4813311,R,R
1206,ERR4813317,S,S
1207,ERR4813320,S,R
1208,ERR4813325,R,R
1209,ERR4813326,R,R
1210,ERR4813330,S,R
1211,ERR4813332,R,R
1212,ERR4813351,R,R
1213,ERR4813356,R,R
1214,ERR4813358,S,S
1215,ERR4813360,S,R
1216,ERR4813362,R,U
1217,ERR4813367,R,R
1218,ERR4813369,S,S
1219,ERR4813373,S,U
1220,ERR4813375,R,R
1221,ERR4813377,R,R
1222,ERR4813378,R,R
1223,ERR4813380,R,R
1224,ERR4813385,S,R
1225,ERR4813387,R,R
1226,ERR4813389,R,R
1227,ERR4813391,S,U
1228,ERR4813392,R,R
1229,ERR4813402,S,S
1230,ERR4813405,R,U
1231,ERR4813407,S,S
1232,ERR4813411,R,R
1233,ERR4813415,R,R
1234,ERR4813420,R,R
1235,ERR4813425,R,R
1236,ERR4813426,S,U
1237,ERR4813430,R,R
1238,ERR4813432,S,U
1239,ERR4813434,R,R
1240,ERR4813439,R,R
1241,ERR4813446,S,U
1242,ERR4813449,S,S
1243,ERR4813451,R,R
1244,ERR4813458,R,R
1245,ERR4813461,R,U
1246,ERR4813463,R,R
1247,ERR4813472,R,R
1248,ERR4813475,R,R
1249,ERR4813479,S,S
1250,ERR4813486,R,R
1251,ERR4813491,S,U
1252,ERR4813494,S,U
1253,ERR4813502,R,R
1254,ERR4813525,R,R
1255,ERR4813533,S,S
1256,ERR4813752,R,R
1257,ERR4813760,R,R
1258,ERR4813761,R,R
1259,ERR4813768,R,R
1260,ERR4813769,R,R
1261,ERR4813770,R,R
1262,ERR4813775,R,R
1263,ERR4813778,R,R
1264,ERR4813782,R,R
1265,ERR4813788,R,R
1266,ERR4813792,S,S
1267,ERR4813794,S,S
1268,ERR4813799,S,S
1269,ERR4813801,R,R
1270,ERR4813805,R,R
1271,ERR4813808,R,R
1272,ERR4813809,R,R
1273,ERR4813810,R,R
1274,ERR4813813,R,R
1275,ERR4813850,R,R
1276,ERR4813851,R,R
1277,ERR4813855,R,R
1278,ERR4813859,R,R
1279,ERR4813862,R,R
1280,ERR4813863,S,U
1281,ERR4813867,R,R
1282,ERR4813870,R,R
1283,ERR4813878,R,R
1284,ERR4813888,R,R
1285,ERR4813891,S,S
1286,ERR4813900,S,S
1287,ERR4813910,R,R
1288,ERR4813921,R,R
1289,ERR4813924,R,R
1290,ERR4813932,R,R
1291,ERR4813942,R,R
1292,ERR4813947,S,S
1293,ERR4813949,R,R
1294,ERR4813950,R,R
1295,ERR4813952,R,R
1296,ERR4813962,S,S
1297,ERR4813966,R,R
1298,ERR4813977,S,S
1299,ERR4813997,S,U
1300,ERR4822290,S,S
1301,ERR4822293,R,R
1302,ERR4822295,S,S
1303,ERR4822297,R,R
1304,ERR4822299,S,S
1305,ERR4822303,S,R
1306,ERR4822309,R,R
1307,ERR4822311,R,R
1308,ERR4822319,S,U
1309,ERR4822321,S,S
1310,ERR4822326,R,R
1311,ERR4822336,R,R
1312,ERR4822339,R,R
1313,ERR4822340,R,R
1314,ERR4822341,R,R
1315,ERR4822342,R,R
1316,ERR4822344,R,R
1317,ERR4822346,S,S
1318,ERR4822347,S,U
1319,ERR4822348,R,R
1320,ERR4822350,R,R
1321,ERR4822351,S,U
1322,ERR4822352,R,R
1323,ERR4822355,R,R
1324,ERR4822358,R,R
1325,ERR4822361,R,R
1326,ERR4822362,R,R
1327,ERR4822364,R,R
1328,ERR4822365,S,S
1329,ERR4822366,R,R
1330,ERR4822367,S,R
1331,ERR4822369,R,R
1332,ERR4822371,S,R
1333,ERR4822375,R,R
1334,ERR4822378,S,S
1335,ERR4822380,R,R
1336,ERR4822381,R,U
1337,ERR4822385,S,U
1338,ERR4822388,R,R
1339,ERR4822389,R,R
1340,ERR4822390,R,R
1341,ERR4822391,S,S
1342,ERR4822395,S,U
1343,ERR4822399,S,S
1344,ERR4822403,R,R
1345,ERR4822405,S,S
1346,ERR4822407,S,U
1347,ERR4822420,R,U
1348,ERR4822440,S,S
1349,ERR4822513,S,S
1350,ERR4822556,S,R
1351,ERR4822583,S,U
1352,ERR4822587,S,U
1353,ERR4822588,S,U
1354,ERR4822589,S,R
1355,ERR4822590,S,U
1356,ERR4822591,S,U
1357,ERR4822592,S,R
1358,ERR4822593,S,S
1359,ERR4822595,R,U
1360,ERR4822604,S,S
1361,ERR4822606,S,S
1362,ERR4822608,S,R
1363,ERR4822609,S,S
1364,ERR4822610,S,S
1365,ERR4822639,S,S
1366,ERR4828145,S,R
1367,ERR4828159,S,U
1368,ERR4828163,R,R
1369,ERR4828173,S,U
1370,ERR4828178,R,R
1371,ERR4828205,S,S
1372,ERR4828209,S,U
1373,ERR4828211,S,S
1374,ERR4828215,S,S
1375,ERR4828216,S,U
1376,ERR4828220,S,U
1377,ERR4828223,R,R
1378,ERR4828228,S,S
1379,ERR4828229,S,U
1380,ERR4828235,S,U
1381,ERR4828249,S,U
1382,ERR4828257,S,U
1383,ERR4828258,S,U
1384,ERR4828268,R,R
1385,ERR4828296,S,U
1386,ERR4828301,R,U
1387,ERR4828334,R,R
1388,ERR4828336,S,S
1389,ERR4828368,R,R
1390,ERR4828384,S,U
1391,ERR4828400,S,U
1392,ERR4828401,S,S
1393,ERR4828416,S,S
1394,ERR4828423,R,R
1395,ERR4828430,S,S
1396,ERR4828438,S,U
1397,ERR4828456,S,R
1398,ERR4828465,R,R
1399,ERR4828467,S,R
1400,ERR4828478,R,R
1401,ERR4828479,R,R
1402,ERR4828498,S,U
1403,ERR4828500,S,U
1404,ERR4828545,S,U
1405,ERR4828575,S,R
1406,ERR4828580,S,R
1407,ERR4828607,S,U
1408,ERR4828609,R,R
1409,ERR4828627,R,R
1410,ERR4828630,R,R
1411,ERR4828632,S,U
1412,ERR4828633,S,S
1413,ERR4828635,R,R
1414,ERR4828636,R,R
1415,ERR4828637,R,U
1416,ERR4828644,R,R
1417,ERR4828645,S,R
1418,ERR4828647,R,R
1419,ERR4828648,R,R
1420,ERR4828653,R,R
1421,ERR4828657,S,U
1422,ERR4828660,S,U
1423,ERR4828670,S,U
1424,ERR4828677,S,S
1425,ERR4828678,S,U
1426,ERR4828689,S,U
1427,ERR4828694,R,R
1428,ERR4828723,R,R
1429,ERR4828734,R,U
1430,ERR4828737,S,U
1431,ERR4828738,R,R
1432,ERR4828753,S,S
1433,ERR4828780,R,R
1434,ERR4828783,S,S
1435,ERR4828786,S,U
1436,ERR4828787,S,S
1437,ERR4828788,S,S
1438,ERR4828816,R,R
1439,ERR4828819,R,R
1440,ERR4828821,R,R
1441,ERR4828832,S,S
1442,ERR4828834,S,R
1443,ERR4828843,S,R
1444,ERR4828847,R,R
1445,ERR4828848,R,R
1446,ERR4828852,R,R
1447,ERR4828854,R,R
1448,ERR4828857,R,R
1449,ERR4828864,R,R
1450,ERR4828865,S,S
1451,ERR4828868,S,R
1452,ERR4828870,R,R
1453,ERR4828878,R,R
1454,ERR4828894,R,U
1455,ERR4828904,R,R
1456,ERR4828909,R,R
1457,ERR4828910,R,R
1458,ERR4828917,R,R
1459,ERR4828929,S,U
1460,ERR4828935,S,U
1461,ERR4828939,S,U
1462,ERR4828951,R,R
1463,ERR4828952,R,R
1464,ERR4828954,R,U
1465,ERR4828957,R,U
1466,ERR4828961,R,R
1467,ERR4828973,R,R
1468,ERR4828977,R,R
1469,ERR4828979,S,S
1470,ERR4828984,R,R
1471,ERR4828985,S,R
1472,ERR4828987,R,U
1473,ERR4828993,S,R
1474,ERR4829001,R,R
1475,ERR4829002,R,R
1476,ERR4829007,R,R
1477,ERR4829010,S,R
1478,ERR4829036,S,S
1479,ERR4829042,R,R
1480,ERR4829045,R,R
1481,ERR4829054,R,R
1482,ERR4829061,S,S
1483,ERR4829065,S,S
1484,ERR4829068,S,S
1485,ERR4829090,R,R
1486,ERR4829091,S,S
1487,ERR4829094,R,R
1488,ERR4829095,R,R
1489,ERR4829097,S,U
1490,ERR4829101,S,S
1491,ERR4829102,R,R
1492,ERR4829106,S,R
1493,ERR4829109,R,R
1494,ERR4829110,R,R
1495,ERR4829112,S,S
1496,ERR4829115,S,S
1497,ERR4829118,S,R
1498,ERR4829126,R,R
1499,ERR4829128,S,U
1500,ERR4829130,S,U
1501,ERR4829132,S,R
1502,ERR4829158,S,S
1503,ERR4829161,R,R
1504,ERR4829163,S,S
1505,ERR4829168,S,U
1506,ERR4829177,S,S
1507,ERR4829178,S,S
1508,ERR4829179,S,S
1509,ERR4829366,S,S
1510,ERR4829371,R,R
1511,ERR4829373,S,S
1512,ERR4829378,S,U
1513,ERR4829386,S,S
1514,ERR4829388,R,R
1515,ERR4829393,R,R
1516,ERR4829394,R,R
1517,ERR4829396,R,R
1518,ERR4829406,R,R
1519,ERR4829412,R,R
1520,ERR4829419,S,S
1521,ERR4829435,R,R
1522,ERR4829449,S,S
1523,ERR4829486,R,R
1524,ERR4829488,R,U
1525,ERR4829490,S,U
1526,ERR4829498,S,U
1527,ERR4829502,R,U
1528,ERR4829525,R,R
1529,ERR4829527,R,R
1530,ERR4829564,S,U
1531,ERR4829568,R,R
1532,ERR4829579,S,S
1533,ERR4829586,R,U
1534,ERR4829602,R,R
1535,ERR4829638,S,U
1536,ERR4829671,R,U
1537,ERR4829678,R,R
1538,ERR4829682,S,S
1539,ERR4829691,S,R
1540,ERR4829701,R,R
1541,ERR4829709,S,R
1542,ERR4829710,R,R
1543,ERR4829722,R,R
1544,ERR4829730,R,R
1545,ERR4829735,R,R
1546,ERR4829736,R,R
1547,ERR4829750,R,R
1548,ERR4829752,R,U
1549,ERR4829789,R,R
1550,ERR4829792,R,R
1551,ERR4829820,R,R
1552,ERR4829823,S,S
1553,ERR4829827,S,S
1554,ERR4829828,S,S
1555,ERR4829829,S,S
1556,ERR4829835,S,R
1557,ERR4829838,S,U
1558,ERR4829845,S,S
1559,ERR4829860,S,S
1560,ERR4829878,R,R
1561,ERR4829879,R,R
1562,ERR4829880,R,R
1563,ERR4829909,S,U
1564,ERR4829910,S,R
1565,ERR4829912,S,R
1566,ERR4829917,R,R
1567,ERR4829920,S,R
1568,ERR4829923,S,S
1569,ERR4829926,R,R
1570,ERR4829932,R,R
1571,ERR4829933,S,R
1572,ERR4829948,S,S
1573,ERR4829954,R,U
1574,ERR4829956,R,R
1575,ERR4829970,S,S
1576,ERR4829983,R,R
1577,ERR4829988,S,S
1578,ERR4830032,S,S
1579,ERR4830034,S,S
1580,ERR4830037,S,R
1581,ERR4830058,S,S
1582,ERR4830067,S,S
1583,ERR4830070,R,R
1584,ERR4830071,S,S
1585,ERR4830081,S,U
1586,ERR4830091,S,S
1587,ERR4830095,S,S
1588,ERR4830101,R,R
1589,ERR4830108,S,U
1590,ERR4830112,R,R
1591,ERR4830120,S,S
1592,ERR4830131,S,S
1593,ERR4830142,S,S
1594,ERR4830145,S,U
1595,ERR4830161,S,U
1596,ERR4830164,S,U
1597,ERR4830194,R,R
1598,ERR4830203,S,U
1599,ERR4830208,S,S
1600,ERR4830217,S,U
1601,ERR4830232,S,U
1602,ERR4830244,S,S
1603,ERR4830247,S,U
1604,ERR4830248,R,R
1605,ERR4830251,S,U
1606,ERR4830262,S,S
1607,ERR4830272,R,R
1608,ERR4830282,S,U
1609,ERR4830292,S,U
1610,ERR4830300,R,R
1611,ERR4830311,R,R
1612,ERR4830322,R,R
1613,ERR4830340,R,U
1614,ERR4830342,S,R
1615,ERR4830364,S,U
1616,ERR4830377,S,S
1617,ERR4830405,R,R
1618,ERR4830430,S,U
1619,ERR4830436,S,S
1620,ERR4830469,R,R
1621,ERR4830473,R,R
1622,ERR4830490,R,R
1623,ERR4830494,S,R
1624,ERR4830499,R,R
1625,ERR4830500,R,R
1626,ERR4830506,R,R
1627,ERR4830510,S,R
1628,ERR4830515,R,R
1629,ERR4830524,R,R
1630,ERR4830526,S,R
1631,ERR4830531,R,R
1632,ERR4830532,R,R
1633,ERR4830535,R,R
1634,ERR4830554,R,R
1635,ERR4830557,R,R
1636,ERR4830558,R,R
1637,ERR4830559,R,R
1638,ERR4830560,S,U
1639,ERR4830561,R,R
1640,ERR4830562,R,R
1641,ERR4830563,R,R
1642,ERR4830564,S,R
1643,ERR4830565,S,R
1644,ERR4830566,S,R
1645,ERR4830567,R,R
1646,ERR4830574,S,U
1647,ERR4830576,S,R
1648,ERR4830577,S,S
1649,ERR4830578,S,S
1650,ERR4830582,S,S
1651,ERR4830585,S,U
1652,ERR4830586,S,U
1653,ERR4830587,S,U
1654,ERR4830589,S,U
1655,ERR4830590,S,U
1656,ERR4830591,S,U
1657,ERR4830593,S,U
1658,ERR4830594,S,S
1659,ERR4830596,S,U
1660,ERR4830597,S,U
1661,ERR4830598,S,S
1662,ERR4830599,S,U
1663,ERR4830600,S,U
1664,ERR4830603,S,U
1665,ERR4830604,S,U
1666,ERR4830612,S,S
1667,ERR4830613,S,U
1668,ERR4830614,S,U
1669,ERR4830615,S,S
1670,ERR4830616,R,R
1671,ERR4830621,S,U
1672,ERR4830622,S,U
1673,ERR4830623,S,R
1674,ERR4830624,R,R
1675,ERR4830625,S,U
1676,ERR4830626,S,U
1677,ERR4830629,S,U
1678,ERR4830637,S,S
1679,ERR4830641,S,U
1680,ERR4830645,S,U
1681,ERR4830651,S,U
1682,ERR4830658,R,R
1683,ERR4830661,R,R
1684,ERR4830662,R,R
1685,ERR4830672,S,U
1686,ERR4830677,S,R
1687,ERR4830684,R,R
1688,ERR4830685,R,R
1689,ERR4830689,S,U
1690,ERR4830708,R,R
1691,ERR4830712,R,R
1692,ERR4830722,S,U
1693,ERR4830732,R,U
1694,ERR4830734,S,U
1695,ERR4830742,R,U
1696,ERR4830745,S,U
1697,ERR4830746,S,S
1698,ERR4830748,R,R
1699,ERR4830749,S,U
1700,ERR4830752,S,U
1701,ERR4830755,S,U
1702,ERR4830759,R,R
1703,ERR4830767,R,R
1704,ERR4830770,S,R
1705,ERR4830776,R,R
1706,ERR4830779,R,R
1707,ERR4830781,R,R
1708,ERR4830782,S,R
1709,ERR4830783,R,R
1710,ERR4830785,S,R
1711,ERR4830789,R,R
1712,ERR4830791,R,R
1713,ERR4830794,R,R
1714,ERR4830797,S,R
1715,ERR4830798,S,R
1716,ERR4830799,R,R
1717,ERR4830802,R,U
1718,ERR4830806,S,S
1719,ERR4830808,R,R
1720,ERR4830813,R,R
1721,ERR4830814,R,R
1722,ERR4830815,R,R
1723,ERR4830820,S,R
1724,ERR4830822,R,R
1725,ERR4830828,R,R
1726,ERR4830830,R,R
1727,ERR4830831,S,R
1728,ERR4830838,R,R
1729,ERR4830841,R,R
1730,ERR4830845,R,R
1731,ERR4830847,S,S
1732,ERR4830865,R,R
1733,ERR4830877,R,R
1734,ERR4830887,R,U
1735,ERR4830899,S,U
1736,ERR4830902,S,U
1737,ERR4830906,S,U
1738,ERR4830907,S,U
1739,ERR4830908,S,U
1740,ERR4830910,S,U
1741,ERR4830913,R,R
1742,ERR4830921,R,R
1743,ERR4830926,R,R
1744,ERR4830927,R,R
1745,ERR4830931,R,R
1746,ERR4830944,R,R
1747,ERR4830945,S,S
1748,ERR4830947,R,R
1749,ERR4830955,R,R
1750,ERR4830959,S,U
1751,ERR4830962,S,U
1752,ERR4830963,R,U
1753,ERR4830964,R,R
1754,ERR4830966,S,U
1755,ERR4830967,R,R
1756,ERR4830979,S,U
1757,ERR4830986,S,S
1758,ERR4830988,S,U
1759,ERR4830992,R,R
1760,ERR4831000,R,R
1761,ERR4831002,R,R
1762,ERR4831004,R,R
1763,ERR4831006,R,R
1764,ERR4831007,R,R
1765,ERR4831017,R,R
1766,ERR4831019,R,R
1767,ERR4831022,R,R
1768,ERR4831029,R,R
1769,ERR4831034,S,U
1770,ERR4831049,S,S
1771,ERR4831066,R,R
1772,ERR4831076,S,U
1773,ERR4831084,S,U
1774,ERR4831090,R,R
1775,ERR4831092,R,R
1776,ERR4831093,R,R
1777,ERR4831094,R,R
1778,ERR4831096,R,R
1779,ERR4831098,R,R
1780,ERR4831099,R,R
1781,ERR4831100,R,R
1782,ERR4831152,S,S
1783,ERR4831158,S,S
1784,ERR4831167,S,S
1785,ERR4831177,R,R
1786,ERR4831202,S,S
1787,ERR4831209,S,R
1788,ERR4831238,R,R
1789,ERR4831239,S,R
1790,ERR4831241,S,R
1791,ERR4831245,S,S
1792,ERR4831246,S,S
1793,ERR4831250,S,R
1794,ERR4831257,S,R
1795,ERR4831261,R,R
1796,ERR4831262,R,R
1797,ERR4831263,S,U
1798,ERR4831321,S,U
1799,ERR4831341,S,S
1800,ERR4831365,S,S
1801,ERR4831367,S,S
1802,ERR4831387,S,U
1803,ERR4831391,S,U
1804,ERR4831431,S,S
1805,ERR4831432,S,S
1806,ERR4831433,S,R
1807,ERR4831435,S,R
1808,ERR4831436,S,S
1809,ERR4831443,S,S
1810,ERR4831444,S,R
1811,ERR4831448,S,S
1812,ERR4831457,S,S
1813,ERR4831459,S,U
1814,ERR4831464,S,S
1815,ERR4831473,S,R
1816,ERR4831479,S,U
1817,ERR4831480,S,S
1818,ERR4831488,R,U
1819,ERR4831489,S,S
1820,ERR4831491,R,U
1821,ERR4831501,R,R
1822,ERR4831508,S,U
1823,ERR4831509,S,U
1824,ERR4831606,S,U
1825,ERR4831610,R,R
1826,ERR4831611,S,U
1827,ERR4831627,R,R
1828,ERR4831629,S,U
1829,ERR4831640,S,U
1830,ERR4831647,R,R
1831,ERR4831703,R,R
1832,ERR4831709,S,U
1833,ERR4831713,S,S
1834,ERR4831733,S,U
1835,ERR4831738,S,S
1836,ERR4831741,R,R
1837,ERR4831742,S,U
1838,ERR4831743,R,R
1839,ERR4831753,R,R
1840,ERR4831761,S,S
1841,ERR4831772,S,U
1842,ERR4831776,S,U
1843,ERR4831788,R,U
1844,ERR4831798,S,R
1845,ERR4831800,R,R
1846,ERR4831811,S,U
1847,ERR4831821,S,U
1848,ERR4831852,R,R
1849,ERR4831857,S,R
1850,ERR4831873,S,U
1851,ERR4831883,R,R
1852,ERR4831886,R,R
1853,ERR4831898,R,R
1854,ERR4831906,S,U
1855,ERR4831909,S,R
1856,ERR4831910,R,R
1857,ERR4831923,S,U
1858,ERR4831945,R,R
1859,ERR4831953,S,R
1860,ERR4831955,R,R
1861,ERR4831960,R,R
1862,ERR4832000,S,U
1863,ERR4832005,R,R
1864,ERR4832026,R,R
1865,ERR4832030,R,R
1866,ERR4832036,R,R
1867,ERR4832037,S,S
1868,ERR4832038,R,R
1869,ERR4832040,R,U
1870,ERR4832049,R,R
1871,ERR4832064,S,S
1872,ERR4832066,S,U
1873,ERR5917667,R,R
1874,ERR5917668,R,R
1875,ERR5917669,R,R
1876,ERR5917697,R,R
1877,ERR5917703,S,R
1878,ERR5917704,S,R
1879,ERR5917715,R,R
1880,ERR5917716,R,R
1881,ERR5917717,R,R
1882,ERR5917718,R,R
1883,ERR5917719,S,R
1884,ERR5917730,R,R
1885,ERR5917734,R,R
1886,ERR5917742,R,R
1887,ERR5917750,R,R
1888,ERR5917761,S,U
1889,ERR5917769,R,R
1890,ERR5917967,R,R
1891,ERR5917968,S,R
1892,ERR5917969,S,R
1893,ERR5917972,R,R
1894,ERR5917974,R,U
1895,ERR5917976,R,R
1896,ERR5917984,R,R
1897,ERR5917986,R,R
1898,ERR5917987,S,R
1899,ERR5917991,S,R
1900,ERR5917993,R,U
1901,ERR5917998,R,R
1902,ERR5917999,R,R
1903,ERR5918000,R,R
1904,ERR5918001,R,R
1905,ERR5918002,R,R
1906,ERR5918003,R,R
1907,ERR5918009,S,R
1908,ERR5918010,R,R
1909,ERR5918011,R,R
1910,ERR5918012,R,R
1911,ERR5918013,R,U
1912,ERR5918016,R,R
1913,ERR5918018,R,R
1914,ERR5918019,S,R
1915,ERR5918020,R,R
1916,ERR5918023,S,R
1917,ERR5918035,R,R
1918,ERR5918039,S,R
1919,ERR5918042,R,R
1920,ERR5918046,R,U
1921,ERR5918048,S,R
1922,ERR5918052,R,R
1923,ERR5918061,S,R
1924,ERR5918065,S,R
1925,ERR5918071,R,R
1926,ERR5918077,S,R
1927,ERR5918080,S,R
1928,ERR5918084,R,R
1929,ERR5918086,S,S
1930,ERR5918091,R,R
1931,ERR5918092,R,R
1932,ERR5918094,S,S
1933,ERR5918096,R,R
1934,ERR5918104,S,R
1935,ERR5918112,R,R
1936,ERR5918113,R,R
1937,ERR5918116,R,R
1938,ERR5918117,R,R
1939,ERR5918118,S,R
1940,ERR5918119,R,R
1941,ERR5918125,R,R
1942,ERR5918134,R,R
1943,ERR5918137,R,R
1944,ERR5918139,S,R
1945,ERR5918144,R,R
1946,ERR5918149,R,R
1947,ERR5918150,S,S
1948,ERR8665505.ERR8665506,R,R
1949,ERR8665511.ERR8665512,R,R
1950,ERR8665515.ERR8665516,S,R
1951,ERR8665521,R,U
1952,ERR8665522,R,R
1953,ERR8665523,R,R
1954,ERR8665526,S,S
1955,ERR8665528.ERR8665529,R,R
1956,ERR8665531.ERR8665532,S,S
1957,ERR8665533.ERR8665534,R,R
1958,ERR8665535,R,R
1959,ERR8665537,R,R
1960,ERR8665538,R,R
1961,ERR8665543.ERR8665544,S,R
1962,ERR8665547.ERR8665548,R,R
1963,ERR8665549,R,R
1964,ERR8665550,S,R
1965,ERR8665556,R,R
1966,ERR8665558,R,R
1967,ERR8665563.ERR8665564,R,R
1968,ERR8665568.ERR8665569.ERR8665570,R,U
1969,ERR8665571,R,R
1970,ERR8665573,S,R
1971,ERR8665578,R,R
1972,ERR8665581,R,R
1973,ERR8665586,S,S
1974,ERR8665594,R,R
1975,ERR8665595,R,R
1976,ERR8665596,S,R
1977,ERR8665597.ERR8665598.ERR8665599,S,R
1978,ERR8665601,S,R
1979,ERR8665602,S,S
1980,ERR8665603,R,R
1981,ERR8665605,R,U
1982,ERR8665606,R,R
1983,ERR8665607.ERR8665608.ERR8665609,R,R
1984,ERR8665610,R,R
1985,ERR8665611,S,R
1986,ERR8665612,R,U
1987,ERR8665613,S,R
1988,ERR8665616,S,R
1989,ERR8665620,S,R
1990,ERR8665621.ERR8665622,S,U
1991,ERR8665623.ERR8665624,R,R
1992,ERR8665625.ERR8665626,S,R
1993,ERR8665627.ERR8665628,R,R
1994,ERR8665635.ERR8665636,S,R
1995,ERR8665639.ERR8665640,R,R
1996,ERR8665641.ERR8665642,R,R
1997,ERR8665645.ERR8665646,R,R
1998,ERR8665647.ERR8665648,S,R
1999,ERR8665653.ERR8665654,R,R
2000,ERR8665655.ERR8665656,R,R
2001,ERR8665659.ERR8665660,R,R
2002,ERR8665661.ERR8665662,R,R
2003,ERR8665663.ERR8665664,R,R
2004,ERR8665671.ERR8665672,R,R
2005,ERR8665675.ERR8665676,S,R
2006,ERR8665681.ERR8665682,R,R
2007,ERR8665683.ERR8665684,S,U
2008,ERR8665685.ERR8665686,R,R
2009,ERR8665688.ERR8665689,R,U
2010,ERR8665696.ERR8665697,R,R
2011,ERR8665698.ERR8665699,R,R
2012,ERR8665702.ERR8665703,R,R
2013,ERR8665704.ERR8665705,R,R
2014,ERR8665708.ERR8665709,R,R
2015,ERR8665712.ERR8665713,S,U
2016,ERR8665714.ERR8665715,S,R
2017,ERR8665716.ERR8665717,R,R
2018,ERR8665718.ERR8665719,R,U
2019,ERR8665720.ERR8665721,R,R
2020,ERR8665722.ERR8665723,S,S
2021,ERR8665726.ERR8665727,S,S
2022,ERR8665728.ERR8665729,S,R
2023,ERR8665734.ERR8665735,R,R
2024,ERR8665736.ERR8665737,S,U
2025,ERR8665738.ERR8665739,R,R
2026,ERR8665746.ERR8665747,R,R
2027,ERR8665754.ERR8665755,S,U
2028,ERR8665760.ERR8665761,R,R
2029,ERR8665762.ERR8665763,R,U
2030,ERR8665766.ERR8665767,S,R
2031,ERR8665768.ERR8665770,R,R
2032,ERR8665771.ERR8665772,R,R
2033,ERR8665773.ERR8665774,R,R
2034,ERR8665781.ERR8665782,R,R
2035,ERR8665789.ERR8665790,R,R
2036,ERR8665795.ERR8665796,R,R
2037,ERR8665799,S,R
2038,ERR8665800,R,R
2039,ERR8665801,R,R
2040,ERR8665804,R,R
2041,ERR8665807,R,R
2042,ERR8665808,R,R
2043,ERR8665809,R,R
2044,ERR8665810,R,U
2045,ERR8665813,R,R
2046,ERR8665814,R,R
2047,ERR8665815,R,R
2048,ERR8665816,R,R
2049,ERR8665820,R,R
2050,ERR8665824,R,R
2051,ERR8665826,S,U
2052,ERR8665830,R,U
2053,ERR8665831,R,R
2054,ERR8665832,S,R
2055,ERR8665833,R,R
2056,ERR8665834,R,R
2057,ERR8665835,R,R
2058,ERR8665836,R,R
2059,ERR8665837,R,R
2060,ERR8665842,S,R
2061,ERR8665843,R,R
2062,ERR8665844,R,R
2063,ERR8665845,R,R
2064,ERR8665846,R,R
2065,ERR8665849,R,R
2066,ERR8665853,R,R
2067,ERR8665855,R,R
2068,ERR8665864,R,U
2069,ERR8665865,S,S
2070,ERR8665866,R,R
2071,ERR8665871,S,R
2072,ERR8665872,R,R
2073,ERR8665873,S,U
2074,ERR8665874,R,R
2075,ERR8665876,S,R
2076,ERR8665878,R,R
2077,ERR8665879,R,R
2078,ERR8665880,R,R
2079,ERR8665881,R,R
2080,ERR8665887,R,R
2081,ERR8665888,R,R
2082,ERR8665889,S,R
2083,ERR8665891,S,R
2084,ERR8665894,R,R
2085,ERR8665896,R,R
2086,ERR8665898,R,R
2087,ERR8665899,R,R
2088,ERR8665900,R,R
2089,ERR8665901,R,R
2090,ERR8665910,R,R
2091,ERR8665911,R,R
2092,ERR8665915,R,R
2093,ERR8665916,R,R
2094,ERR8665917,R,R
2095,ERR8665918,R,R
2096,ERR8665919,R,R
2097,ERR8665920,R,R
2098,ERR8665921,R,R
2099,ERR8665924,R,R
2100,ERR8665925,R,R
2101,ERR8665926,S,U
2102,ERR8665932,R,R
2103,ERR8665933,R,R
2104,ERR8665935,R,U
2105,ERR8665936,R,R
2106,ERR8665938,R,R
2107,ERR8665939,R,R
2108,ERR8665940,R,R
2109,ERR8665941,R,R
2110,ERR8665944,R,R
2111,ERR8665945,R,R
2112,ERR8665946,R,R
2113,ERR8665947,R,R
2114,ERR8665948,R,R
2115,ERR8665949,S,U
2116,ERR8665950,R,R
2117,ERR8665951,R,R
2118,ERR8665953,S,R
2119,ERR8665954,S,R
2120,ERR8665955,S,R
2121,ERR8665960,S,R
2122,ERR8665961,S,R
2123,ERR8665962,R,R
2124,ERR8665963,R,R
2125,ERR8665965,R,U
2126,ERR8665967,R,R
2127,ERR8665971,R,R
2128,ERR8665972,R,R
2129,ERR8665973,R,R
2130,ERR8665977,R,R
2131,ERR8665979,R,R
2132,ERR8665980,R,R
2133,ERR8665981,R,R
2134,ERR8665982,S,R
2135,ERR8665985,R,R
2136,ERR8665990,R,R
2137,ERR8665991,R,R
2138,ERR8665993,R,R
2139,ERR8686157,R,R
2140,ERR8686206,S,S
2141,ERR8686220,S,S
2142,ERR8686567,R,R
2143,ERR8699105,R,R
2144,ERR8699107,R,R
2145,ERR8699205,R,R
2146,ERR8699783,R,R
2147,ERR8699784,S,U
2148,ERR8699789,R,R
2149,ERR8699802,R,R
2150,ERR8699822,R,R
2151,ERR8699831,S,R
2152,ERR8700394,R,R
2153,ERR8975005,S,U
2154,ERR8975012,S,R
2155,ERR8975014,R,R
2156,ERR8975015,S,S
2157,ERR8975016,S,S
2158,ERR8975018,R,R
2159,ERR8975026,R,R
2160,ERR8975031,S,S
2161,ERR8975032,R,R
2162,ERR8975046,R,R
2163,ERR8975057,S,U
2164,ERR8975065,S,S
2165,ERR8975080,S,R
2166,ERR8975137,S,R
2167,ERR8975163,R,R
2168,ERR8975202,S,S
2169,ERR8975359,S,U
2170,ERR8975361,R,R
2171,ERR8975419,S,S
2172,ERR8975420,S,S
2173,ERR8975430,R,R
2174,ERR8975433,S,S
2175,ERR8975442,R,R
2176,ERR8975443,S,R
2177,ERR8975454,R,R
2178,ERR8975460,S,S
2179,ERR8975466,R,R
2180,ERR8975467,R,R
2181,ERR8975471,R,R
2182,ERR8975474,R,R
2183,ERR8975481,S,R
2184,ERR8975483,R,R
2185,ERR8975487,R,R
2186,ERR8975509,R,R
2187,ERR8975512,R,R
2188,ERR8975517,R,R
2189,ERR8975518,S,R
2190,ERR8975519,S,R
2191,ERR8975520,R,R
2192,ERR8975521,R,R
2193,ERR8975531,R,U
2194,ERR8975556,R,R
2195,ERR8975564,R,R
2196,ERR8975566,R,R
2197,ERR8975569,R,R
2198,ERR8975570,R,R
2199,ERR8975571,R,R
2200,ERR8975578,R,R
2201,ERR8975579,R,R
2202,ERR8975584,R,R
2203,ERR8975592,S,U
2204,ERR8975601,S,S
2205,ERR8975602,R,R
2206,ERR8975605,S,R
2207,ERR8975612,R,R
2208,ERR8975613,R,R
2209,ERR8975624,S,S
2210,ERR8975627,R,R
2211,ERR8975628,S,R
2212,ERR8975633,R,R
2213,ERR8975636,R,R
2214,ERR8975642,S,R
2215,ERR8975643,R,U
2216,ERR8975648,R,R
2217,ERR8975659,R,R
2218,ERR8975667,R,R
2219,ERR8975671,R,R
2220,ERR8975678,R,R
2221,ERR8975693,R,R
2222,ERR8975696,R,R
2223,ERR8975698,R,R
2224,ERR8975704,S,R
2225,ERR8975710,R,R
2226,ERR8975715,R,R
2227,ERR8975723,R,R
2228,ERR8975725,R,R
2229,ERR8975727,R,R
2230,ERR8975736,R,R
2231,ERR8975739,R,R
2232,ERR8975740,R,R
2233,ERR8975743,R,R
2234,ERR8975745,S,R
2235,ERR8975760,R,R
2236,ERR8975762,S,S
2237,ERR8975763,R,R
2238,ERR8975764,R,R
2239,ERR8975766,R,U
2240,ERR8975769,S,R
2241,ERR8975771,R,R
2242,ERR8975776,R,R
2243,ERR8975778,R,R
2244,ERR8975782,R,R
2245,ERR8975784,R,R
2246,ERR8975786,R,R
2247,ERR8975787,R,R
2248,ERR8975788,S,R
2249,ERR8975791,S,R
2250,ERR8975800,R,R
2251,ERR8975806,R,R
2252,ERR8975810,R,R
2253,ERR8975817,R,R
2254,ERR8975847,S,R
2255,ERR8975848,R,R
2256,ERR8975850,R,R
2257,ERR8975882,R,R
2258,ERR8975884,R,R
2259,ERR8975885,R,R
2260,ERR8975890,R,R
2261,ERR8975891,R,R
2262,ERR8975905,S,R
2263,ERR8975916,R,R
2264,ERR8975918,R,R
2265,ERR8975919,R,R
2266,ERR8975920,S,R
2267,ERR8975945,R,R
2268,ERR8975948,R,R
2269,ERR8975953,R,R
2270,ERR8975976,S,R
2271,ERR8975978,R,R
2272,ERR8975979,S,U
2273,ERR8975986,S,R
2274,ERR8975996,R,R
2275,ERR8976000,R,R
2276,ERR8976001,S,R
2277,ERR8976004,R,R
2278,ERR8976008,S,R
2279,ERR8976009,R,R
2280,ERR8976010,S,R
2281,ERR8976011,R,R
2282,ERR8976013,R,R
2283,ERR8976014,R,R
2284,ERR8976026,R,R
2285,ERR8976030,R,R
2286,ERR8976032,R,R
2287,ERR8976034,R,R
2288,ERR8976035,S,R
2289,ERR8976048,R,R
2290,ERR8976052,R,R
2291,ERR8976053,S,S
2292,ERR8976057,R,R
2293,ERR8976062,R,R
2294,ERR8976063,R,R
2295,ERR8976068,R,R
2296,ERR8976070,R,R
2297,ERR8976072,R,R
2298,ERR8976074,R,R
2299,ERR8976088,R,R
2300,ERR8976089,R,R
2301,ERR8976091,R,R
2302,ERR8976092,S,R
2303,ERR8976094,R,R
2304,ERR8976096,R,R
2305,ERR8976108,R,R
2306,ERR8976110,R,R
2307,ERR8976116,R,R
2308,ERR8976117,S,R
